{
  "protocol_version": "fixed_origin_ex_ante_zero_inflated_v2",
  "train_fraction": 0.6,
  "requested_n_steps": 500,
  "train_rows": 1144,
  "test_rows": 501,
  "n_steps": 500,
  "n_paths": 5000,
  "tick_size": 0.01,
  "random_seed": 2026,
  "model_count": 6,
  "metric_count": 7,
  "simple_crw_variance_ratio": 0.1277163019997057,
  "simple_crw_target": 0.1321084864391951,
  "simple_crw_passed": true,
  "roadmap_simple_crw_target_0_5_corrected": true,
  "movement_probability": 0.1321084864391951,
  "forecast_protocol": "fixed_origin_ex_ante_last_observed_features",
  "uses_holdout_features_for_simulation": false,
  "qrw_forecast_up_probability": 0.8785988555920902,
  "garch_convergence_flag": 0,
  "garch_converged": true,
  "coherent_no_decoherence": {
    "n_steps": 200,
    "qrw_variance_ratio": 58.58115384204033,
    "crw_theoretical_variance_ratio": 1.0,
    "ratio_multiple": 58.58115384204033,
    "passed": true
  },
  "qrw_calibration": {
    "gamma": 0.2875313771262493,
    "rho_1": 0.7501130300104819,
    "obi_bias": 1.7247341292660465,
    "alpha_obi": -2.4217800427782263,
    "alpha_direction": -5.0,
    "alpha_obi_change": -0.8509856592063609,
    "alpha_abs_obi": -3.0653588622134844,
    "gamma_intensity": -0.017349459221344274,
    "movement_probability": 0.1321084864391951,
    "feature_names": [
      "obi",
      "tick_direction",
      "obi_change",
      "abs_obi",
      "log_trade_intensity"
    ],
    "feature_mean": [
      -0.061711948419807726,
      0.37777777777777777,
      -0.00207824555491867,
      0.5325156386531418,
      2.4266663820029066
    ],
    "feature_scale": [
      0.6367724554797729,
      0.9258962958222071,
      0.04887193315669534,
      0.3545625744848785,
      1.536573231806236
    ],
    "calibration_rows": 1144,
    "structural_calibration_rows": 457,
    "structural_moving_events": 60,
    "structural_fit_moving_events": 45,
    "selection_validation_events": 15,
    "final_refit_includes_validation": false,
    "events_per_structural_parameter": 7.5,
    "low_sample_warning": true,
    "moving_events": 149,
    "bias_update_rows": 687,
    "bias_update_moving_events": 89,
    "bias_update_start_row": 457,
    "bias_update_reuses_warmup": false,
    "selected_regularization": 0.0001,
    "validation_brier": 0.3768479050161752,
    "validation_log_loss": 1.0783671357774574,
    "regularization_candidates": [
      {
        "regularization": 0.0001,
        "parameters": [
          1.9041743342938438,
          -2.4217800427782263,
          -5.0,
          -0.8509856592063609,
          -3.0653588622134844,
          -0.017349459221344274
        ],
        "validation_brier": 0.3768479050161752,
        "validation_log_loss": 1.0783671357774574
      },
      {
        "regularization": 0.001,
        "parameters": [
          1.7032672499025505,
          -1.8656731811177483,
          -4.161222811310235,
          -0.7742785895275046,
          -2.597351565965109,
          -0.02662001582007018
        ],
        "validation_brier": 0.38660334830307264,
        "validation_log_loss": 1.10161012285385
      },
      {
        "regularization": 0.01,
        "parameters": [
          1.0046696475382817,
          -0.4802329697236214,
          -1.6484668697540765,
          -0.6083254907082035,
          -1.3275474806352905,
          -0.0957248870431653
        ],
        "validation_brier": 0.4363930543261548,
        "validation_log_loss": 1.2170182815574513
      },
      {
        "regularization": 0.05,
        "parameters": [
          0.7187336148350109,
          -0.18791419866111764,
          -0.8689854778036142,
          -0.23899460772751832,
          -0.7843999026689634,
          -0.08524231151009556
        ],
        "validation_brier": 0.4348686923642748,
        "validation_log_loss": 1.1795277447925276
      },
      {
        "regularization": 0.1,
        "parameters": [
          0.6361870995861971,
          -0.12992091809313547,
          -0.6252493115757037,
          -0.1456241841535287,
          -0.5823762606218766,
          -0.0691402706857142
        ],
        "validation_brier": 0.4237997872231958,
        "validation_log_loss": 1.1257826192269063
      }
    ],
    "calibration_method": "adaptive_decoherence_disjoint_two_stage_brier_validation",
    "calibration_status": "fixed_structure_bias_updated",
    "decoherence_channel": "basis_dephasing_gamma_times_exp_intensity"
  },
  "gbm_parameters": {
    "mu": -2.2427992226079846e-07,
    "sigma": 2.6681170568428418e-06,
    "log_likelihood": 13047.572483620239,
    "aic": -26091.144967240478,
    "bic": -26081.062143912888,
    "observations": 1143,
    "dt": 1.0
  },
  "checkpoint_passed": true
}