model,sample_size,acf_mse,ljung_box_stat_lag_1,ljung_box_pvalue_lag_1,ljung_box_stat_lag_5,ljung_box_pvalue_lag_5,ljung_box_stat_lag_10,ljung_box_pvalue_lag_10,ljung_box_pvalue_lag_1_bh,ljung_box_pvalue_lag_5_bh,ljung_box_pvalue_lag_10_bh
Empirical,500,0.0,0.22579058644651406,0.6346627652281955,7.783482527548221,0.16857895412018128,23.847479210846288,0.008015682831174861,0.9654547450622792,0.6743158164807251,0.06412546264939889
QRW Adaptive,500,0.003982700960376206,0.0019749640985700827,0.9645532248587293,0.014628719276131442,0.9999986303925671,0.021870942832455855,0.9999999999987086,0.9654547450622792,0.9999998224257992,0.9999999999998201
QRW Heavy-Tail,500,0.003988327701171775,0.002354134472382767,0.9613022848281789,0.015802018629259354,0.99999833972562,0.023988214079734036,0.9999999999979521,0.9654547450622792,0.9999998224257992,0.9999999999998201
CRW Simple,500,0.003988325052430289,0.002398654136121985,0.9609383769703993,0.009942446131438428,0.999999477555649,0.025465617380265263,0.9999999999972405,0.9654547450622792,0.9999998224257992,0.9999999999998201
CRW Biased,500,0.003977090766209436,0.0026543999096198833,0.9589104731301756,0.017399816364328576,0.9999978888824862,0.028033241822868416,0.9999999999955438,0.9654547450622792,0.9999998224257992,0.9999999999998201
CRW Correlated,500,0.0036566988156227975,2.9134060011028184,0.08784617418518151,9.187693783661018,0.10180783853771047,11.531348263287631,0.3176446329317227,0.7027693934814521,0.6743158164807251,0.9999999999998201
"GARCH(1,1)",500,0.003970863625305687,0.001875720761994842,0.9654547450622792,0.006453759689601041,0.9999998224257992,0.01473596435057393,0.9999999999998201,0.9654547450622792,0.9999998224257992,0.9999999999998201
GBM,500,0.003963233063198986,0.0025857202030879177,0.9594450661415206,0.016165609462646304,0.9999982427955957,0.028015803794235013,0.9999999999955577,0.9654547450622792,0.9999998224257992,0.9999999999998201
