model,sample_size,acf_mse,ljung_box_stat_lag_1,ljung_box_pvalue_lag_1,ljung_box_stat_lag_5,ljung_box_pvalue_lag_5,ljung_box_stat_lag_10,ljung_box_pvalue_lag_10,ljung_box_pvalue_lag_1_bh,ljung_box_pvalue_lag_5_bh,ljung_box_pvalue_lag_10_bh
Empirical,500,0.0,0.22579058644651406,0.6346627652281955,7.783482527548218,0.16857895412018145,23.84747921084628,0.00801568283117488,0.9654547700268158,0.5900263394206351,0.05610977981822416
QRW Adaptive,500,0.0039827009603762035,0.0019749640985700827,0.9645532248587293,0.014628719276131442,0.9999986303925671,0.021870942832455855,0.9999999999987086,0.9654547700268158,0.9999998224262673,0.99999999999982
CRW Simple,500,0.0039883250524302884,0.002398654136121985,0.9609383769703993,0.009942446131438428,0.999999477555649,0.025465617380265263,0.9999999999972405,0.9654547700268158,0.9999998224262673,0.99999999999982
CRW Biased,500,0.003977090766209435,0.0026543999096198833,0.9589104731301756,0.017399816364328576,0.9999978888824862,0.028033241822868416,0.9999999999955438,0.9654547700268158,0.9999998224262673,0.99999999999982
CRW Correlated,500,0.003656698815622796,2.9134060011028184,0.08784617418518151,9.187693783661018,0.10180783853771047,11.531348263287631,0.3176446329317227,0.6149232192962706,0.5900263394206351,0.99999999999982
"GARCH(1,1)",500,0.003970863663663166,0.0018757180492766196,0.9654547700268158,0.006453752878793858,0.9999998224262673,0.014735957938775728,0.9999999999998201,0.9654547700268158,0.9999998224262673,0.99999999999982
GBM,500,0.003963233063198984,0.0025857202030879177,0.9594450661415206,0.016165609462646304,0.9999982427955957,0.028015803794235013,0.9999999999955577,0.9654547700268158,0.9999998224262673,0.99999999999982
