model,sample_size,kurtosis,kurtosis_test_statistic,kurtosis_test_pvalue,tail_index,tail_observations,var_95,cvar_95,var_99,cvar_99,kurtosis_test_pvalue_bh
Empirical,500,9.029888505533979,8.452893937556457,2.841698016499832e-17,2.525703159721339,7,0.0,7.360073401383976e-07,1.6414299546738677e-05,1.9697641284999178e-05,1.9891886115498826e-16
QRW Adaptive,500,3.4314116099610175,1.778965165929315,0.0752454730812132,15228.701587191697,10,0.0,2.0665255077762813e-07,1.6400836443048977e-07,1.6408212531743672e-05,0.0877863852614154
CRW Simple,500,5.581827006892624,5.860267255631138,4.621228200031212e-09,9786.486534710222,9,1.6417800179285576e-05,1.6419186600521184e-05,1.642023182789271e-05,1.6421197151898523e-05,1.617429870010924e-08
CRW Biased,500,5.39472158080917,5.636907026215403,1.7313152283778957e-08,16120.386871889938,9,1.6417530639577416e-05,1.641898834907999e-05,1.6419956815814743e-05,1.6420675885065738e-05,4.0397355328817566e-08
CRW Correlated,500,4.885070354083405,4.945720791822511,7.586262955261659e-07,6150.310892936702,10,1.6418069727875737e-05,1.6420091839143253e-05,1.6420771093630135e-05,1.642324691132773e-05,1.3275960171707903e-06
"GARCH(1,1)",500,3.5085816567981576,2.023480415876572,0.043023640702493135,4.121677106007275,50,1.5711791345182158e-05,2.097958540152099e-05,2.3893449959365086e-05,2.958936274152274e-05,0.060233096983490386
GBM,500,3.032902897942048,0.2535918463698123,0.799810896422462,5.236584651038009,50,1.7417774766995042e-05,2.2087006960902815e-05,2.519083076043236e-05,3.0401600337852905e-05,0.7998108964224618
