model,sample_size,acf_mse,ljung_box_stat_lag_1,ljung_box_pvalue_lag_1,ljung_box_stat_lag_5,ljung_box_pvalue_lag_5,ljung_box_stat_lag_10,ljung_box_pvalue_lag_10,ljung_box_pvalue_lag_1_bh,ljung_box_pvalue_lag_5_bh,ljung_box_pvalue_lag_10_bh
Empirical,500,0.0,2.51373945104807,0.11285784582846538,6.296204077457489,0.2784544690579946,11.383989820491738,0.32839429098814926,0.4514313833138615,0.9999998224448369,0.9999999999996853
QRW Adaptive,500,0.0022581788123429676,0.0012414289571668759,0.9718932165923322,0.016125695672890943,0.9999982535972252,0.025337928715604228,0.9999999999973088,0.9745289001899695,0.9999998224448369,0.9999999999996853
QRW Heavy-Tail,500,0.0022573060304518873,0.0019033706862063354,0.9652012217452536,0.01783516780835866,0.9999977546902672,0.02777810171203774,0.9999999999957425,0.9745289001899695,0.9999998224448369,0.9999999999996853
CRW Simple,500,0.002271521305702195,0.0033074374951315615,0.9541386814683567,0.010610716730813012,0.9999993854388479,0.02270605244541298,0.999999999998443,0.9745289001899695,0.9999998224448369,0.9999999999996853
CRW Biased,500,0.0022876242018075796,0.0010194427503217504,0.9745289001899695,0.014637677768301128,0.9999986282991533,0.023713524336794328,0.9999999999980664,0.9745289001899695,0.9999998224448369,0.9999999999996853
CRW Correlated,500,0.008245895815156813,5.749099109272198,0.016497114703796036,24.53841805749114,0.00017103495758984363,40.969530497651824,1.142518537245716e-05,0.13197691763036828,0.001368279660718749,9.140148297965729e-05
"GARCH(1,1)",500,0.0022605989864740387,0.0013338167931350954,0.970866570217361,0.006453482663987562,0.9999998224448369,0.01648385096058677,0.9999999999996853,0.9745289001899695,0.9999998224448369,0.9999999999996853
GBM,500,0.0022760883292175073,0.002585720202359589,0.9594450661472274,0.016165609462521578,0.9999982427955957,0.02801580379411367,0.9999999999955577,0.9745289001899695,0.9999998224448369,0.9999999999996853
