model,sample_size,acf_mse,ljung_box_stat_lag_1,ljung_box_pvalue_lag_1,ljung_box_stat_lag_5,ljung_box_pvalue_lag_5,ljung_box_stat_lag_10,ljung_box_pvalue_lag_10,ljung_box_pvalue_lag_1_bh,ljung_box_pvalue_lag_5_bh,ljung_box_pvalue_lag_10_bh
Empirical,500,0.0,2.5137394510480733,0.11285784582846561,6.296204077457493,0.27845446905799454,11.383989820491752,0.32839429098814815,0.39500246039962966,0.9745906417029808,0.9999999999996853
QRW Adaptive,500,0.00225817881234297,0.0012414289571668759,0.9718932165923322,0.016125695672890943,0.9999982535972252,0.025337928715604228,0.9999999999973088,0.9745289001899694,0.9999998224447789,0.9999999999996853
CRW Simple,500,0.002271521305702196,0.0033074374951315615,0.9541386814683567,0.010610716730813012,0.9999993854388479,0.02270605244541298,0.999999999998443,0.9745289001899694,0.9999998224447789,0.9999999999996853
CRW Biased,500,0.0022876242018075818,0.0010194427503217504,0.9745289001899695,0.014637677768301128,0.9999986282991533,0.023713524336794328,0.9999999999980664,0.9745289001899694,0.9999998224447789,0.9999999999996853
CRW Correlated,500,0.008245895815156815,5.749099109272198,0.016497114703796036,24.53841805749114,0.00017103495758984363,40.969530497651824,1.142518537245716e-05,0.11547980292657226,0.0011972447031289054,7.997629760720012e-05
"GARCH(1,1)",500,0.002260598971019864,0.0013338178397851845,0.970866558791899,0.006453483506258382,0.9999998224447789,0.0164838490295596,0.9999999999996853,0.9745289001899694,0.9999998224447789,0.9999999999996853
GBM,500,0.0022760883292175095,0.002585720202359589,0.9594450661472274,0.016165609462521578,0.9999982427955957,0.02801580379411367,0.9999999999955577,0.9745289001899694,0.9999998224447789,0.9999999999996853
