model,sample_size,acf_mse,ljung_box_stat_lag_1,ljung_box_pvalue_lag_1,ljung_box_stat_lag_5,ljung_box_pvalue_lag_5,ljung_box_stat_lag_10,ljung_box_pvalue_lag_10,ljung_box_pvalue_lag_1_bh,ljung_box_pvalue_lag_5_bh,ljung_box_pvalue_lag_10_bh
Empirical,500,0.0,0.3627977623521382,0.5469565207716546,15.889616787538916,0.007166392008882243,22.225867424738425,0.01399439932772381,0.967511591050046,0.02866556803552897,0.05597759731089524
QRW Adaptive,500,0.003279595799207295,0.002112111039748802,0.9633439573968191,0.02048519005677695,0.9999968284433642,0.028809340348453782,0.9999999999948935,0.967511591050046,0.9999996652699037,0.9999999999984917
QRW Heavy-Tail,500,0.003289663006716538,0.0030371311216577292,0.9560506919166769,0.013140618222428718,0.9999989520259123,0.022562208511473957,0.9999999999984917,0.967511591050046,0.9999996652699037,0.9999999999984917
CRW Simple,500,0.003293527047038977,0.001658887312008934,0.967511591050046,0.008318680107864828,0.9999996652699037,0.022930173172132685,0.9999999999983649,0.967511591050046,0.9999996652699037,0.9999999999984917
CRW Biased,500,0.0033075700367844194,0.0019677630604458068,0.9646178637527184,0.016475844883631144,0.999998157475724,0.028393938442229132,0.9999999999952504,0.967511591050046,0.9999996652699037,0.9999999999984917
CRW Correlated,500,0.002163850572348495,7.750744705320579,0.005369039695084643,30.645124896849453,1.1006303889095631e-05,47.35207794828423,8.147329645721636e-07,0.04295231756067715,8.805043111276505e-05,6.517863716577309e-06
"GARCH(1,1)",500,0.0035949977675890947,0.0273199597111688,0.86871769216171,1.3104032940847772,0.933857555463772,2.34765422466684,0.9929147244423141,0.967511591050046,0.9999996652699037,0.9999999999984917
GBM,500,0.003283890876630834,0.0025857202025672526,0.9594450661456002,0.016165609463866176,0.9999982427955953,0.02801580379541045,0.9999999999955577,0.967511591050046,0.9999996652699037,0.9999999999984917
