model,sample_size,acf_mse,ljung_box_stat_lag_1,ljung_box_pvalue_lag_1,ljung_box_stat_lag_5,ljung_box_pvalue_lag_5,ljung_box_stat_lag_10,ljung_box_pvalue_lag_10,ljung_box_pvalue_lag_1_bh,ljung_box_pvalue_lag_5_bh,ljung_box_pvalue_lag_10_bh
Empirical,500,0.0,0.3627977623521382,0.5469565207716546,15.889616787538916,0.007166392008882243,22.225867424738425,0.01399439932772381,0.9608552300669149,0.02866556803552897,0.05597759731089524
QRW Adaptive,500,0.003274882011859259,0.004819000137949727,0.9446560908141561,0.025778462497790523,0.999994376656737,0.0337443234374556,0.9999999999887651,0.9608552300669149,0.999999572605519,0.9999999999989592
QRW Heavy-Tail,500,0.0032829197836480896,0.0024088848078009004,0.9608552300669149,0.013837829635291742,0.9999988077347015,0.026405530595489078,0.9999999999966935,0.9608552300669149,0.999999572605519,0.9999999999989592
CRW Simple,500,0.0032882963497412715,0.002844315955051315,0.9574672815936214,0.009174050725805506,0.999999572605519,0.021365766870813086,0.9999999999988508,0.9608552300669149,0.999999572605519,0.9999999999989592
CRW Biased,500,0.0032807405494503306,0.00502100023874497,0.9435099613321101,0.010647036443245213,0.9999993801743812,0.020945999498196,0.9999999999989592,0.9608552300669149,0.999999572605519,0.9999999999989592
CRW Correlated,500,0.0021432595963009867,7.760813149458343,0.005339191757752225,30.769366648663333,1.0402382536262528e-05,47.4260671362485,7.89836914035051e-07,0.0427135340620178,8.321906029010023e-05,6.318695312280408e-06
"GARCH(1,1)",500,0.0035382314880264944,0.3295383919884749,0.5659310260890651,1.717197052382294,0.8867261404758858,2.514970437776935,0.9906557648923812,0.9608552300669149,0.999999572605519,0.9999999999989592
GBM,500,0.0032694476243982015,0.0027030772675848865,0.9585357636282948,0.014740495364048119,0.9999986041356783,0.028105367208976613,0.9999999999954863,0.9608552300669149,0.999999572605519,0.9999999999989592
