model,sample_size,acf_mse,ljung_box_stat_lag_1,ljung_box_pvalue_lag_1,ljung_box_stat_lag_5,ljung_box_pvalue_lag_5,ljung_box_stat_lag_10,ljung_box_pvalue_lag_10,ljung_box_pvalue_lag_1_bh,ljung_box_pvalue_lag_5_bh,ljung_box_pvalue_lag_10_bh
Empirical,500,0.0,22.83240949523133,1.767596991609773e-06,59.29377986342351,1.7007257380648734e-11,82.67127904309646,1.5006222679872057e-13,1.2373178941268412e-05,1.1905080166454114e-10,1.050435587591044e-12
QRW Adaptive,500,0.009905028474168838,0.001899321340525628,0.9652382345101825,0.011284095014968108,0.9999992834182713,0.020949154812359358,0.9999999999989584,0.9890448407579833,0.9999997166386639,0.9999999999991757
CRW Simple,500,0.009898432762532876,0.0001885317761334735,0.9890448407579833,0.007781789061139492,0.9999997166386639,0.024476152951207454,0.9999999999977356,0.9890448407579833,0.9999997166386639,0.9999999999991757
CRW Biased,500,0.009894269048832047,0.0016668291273074323,0.9674339589271386,0.0105274957017102,0.9999993974003317,0.01998970210022374,0.9999999999991757,0.9890448407579833,0.9999997166386639,0.9999999999991757
CRW Correlated,500,0.005614742074787491,1.2090994672927264,0.27151054344836245,4.249908112407234,0.5140246291274082,5.864642882491234,0.8265042130432638,0.9502869020692686,0.9999997166386639,0.9999999999991757
"GARCH(1,1)",500,0.010394658328009475,0.028758288614967983,0.8653383370435961,0.27409365543037356,0.9981021180655486,0.4609914543771227,0.9999955234254521,0.9890448407579833,0.9999997166386639,0.9999999999991757
GBM,500,0.00990651633540679,0.001827324769618433,0.9659030382803093,0.011479041838050161,0.9999992521185436,0.02259482898334458,0.9999999999984808,0.9890448407579833,0.9999997166386639,0.9999999999991757
