model,avg_mean_rank,avg_overall_rank,n_assets
CRW Biased,2.5714285714285716,2.0,3
CRW Correlated,3.0,2.3333333333333335,3
CRW Simple,2.857142857142857,2.3333333333333335,3
QRW Adaptive,3.6666666666666665,4.0,3
"GARCH(1,1)",4.428571428571429,5.0,3
GBM,4.428571428571428,5.0,3
