model,avg_mean_rank,avg_overall_rank,n_assets
CRW Biased,2.9523809523809526,2.3333333333333335,3
CRW Correlated,2.619047619047619,2.3333333333333335,3
QRW Heavy-Tail,3.5714285714285716,2.3333333333333335,3
QRW Adaptive,4.0476190476190474,4.0,3
CRW Simple,4.095238095238095,4.333333333333333,3
GBM,5.0,5.333333333333333,3
"GARCH(1,1)",5.571428571428572,7.0,3
