model,ks_statistic_rank,wasserstein_rank,variance_scaling_rank,acf_mse_rank,kurtosis_rank,var_99_rank,cvar_99_rank,mean_rank,overall_rank
CRW Correlated,1.0,2.0,1.0,1.0,4.0,3.0,3.0,2.142857142857143,1.0
CRW Biased,2.0,4.0,4.0,4.0,3.0,4.0,4.0,3.5714285714285716,2.0
"GARCH(1,1)",6.0,7.0,2.0,7.0,1.0,2.0,2.0,3.857142857142857,3.0
CRW Simple,3.0,3.0,5.0,6.0,2.0,5.0,5.0,4.142857142857143,4.0
GBM,7.0,6.0,7.0,2.0,5.0,1.0,1.0,4.142857142857143,4.0
QRW Heavy-Tail,5.0,1.0,3.0,5.0,7.0,6.0,6.0,4.714285714285714,6.0
QRW Adaptive,4.0,5.0,6.0,3.0,6.0,6.0,7.0,5.285714285714286,7.0
