model,sample_size,kurtosis,kurtosis_test_statistic,kurtosis_test_pvalue,tail_index,tail_observations,var_95,cvar_95,var_99,cvar_99,kurtosis_test_pvalue_bh
Empirical,500,47.180669666401585,13.542376502780188,8.789851644088841e-42,1.2885608679027791,12,1.5756312876646916e-07,3.0390145295504975e-07,1.5758384272146487e-07,9.77022219572632e-07,6.15289615086219e-41
QRW Adaptive,500,7.369345353998879,7.46604848764501,8.263890569606397e-14,1656334.3822741148,6,0.0,3.8692287439968516e-09,1.5758321656295065e-07,1.5758350862381666e-07,1.4461808496811195e-13
CRW Simple,500,6.9739356770994,7.173771278051695,7.295946545785775e-13,2221594.0375373,7,1.5758366254516103e-07,1.5758383447176365e-07,1.5758391115078077e-07,1.5758399034966296e-07,1.0214325164100083e-12
CRW Biased,500,6.886139437671737,7.104965013533067,1.2035302410722808e-12,1532897.050682547,7,1.575842113673464e-07,1.5758444626059942e-07,1.575845815046589e-07,1.5758465586185768e-07,1.4041186145843276e-12
CRW Correlated,500,7.871854802800102,7.801107313040557,6.136629896974498e-15,1228443.8147883567,6,1.575836873031384e-07,1.5758384973306254e-07,1.5758391115078077e-07,1.5758398535365856e-07,1.4318803092940493e-14
"GARCH(1,1)",500,27.90310091964389,12.310006383767949,8.001685937029791e-35,1.6622252544693976,50,7.670233959007793e-06,1.5712695937879002e-05,1.590913272527449e-05,3.45048487623717e-05,2.800590077960427e-34
GBM,500,2.8608306308406224,-0.5926178435507731,0.5534369347650732,5.626670842992759,50,4.220528006358701e-06,5.125725193443113e-06,5.706920027295916e-06,6.203699616685917e-06,0.5534369347650732
